{
  "HTTP Request-1" : {
    "transaction" : "HTTP Request-1",
    "sampleCount" : 10000,
    "errorCount" : 0,
    "errorPct" : 0.0,
    "meanResTime" : 0.16770000000000043,
    "medianResTime" : 0.0,
    "minResTime" : 0.0,
    "maxResTime" : 6.0,
    "pct1ResTime" : 1.0,
    "pct2ResTime" : 1.0,
    "pct3ResTime" : 1.0,
    "throughput" : 1001.2014417300761,
    "receivedKBytesPerSec" : 410.64902883460155,
    "sentKBytesPerSec" : 117.3282939527433
  },
  "Total" : {
    "transaction" : "Total",
    "sampleCount" : 29999,
    "errorCount" : 0,
    "errorPct" : 0.0,
    "meanResTime" : 0.2516083869462319,
    "medianResTime" : 0.0,
    "minResTime" : 0.0,
    "maxResTime" : 6.0,
    "pct1ResTime" : 1.0,
    "pct2ResTime" : 1.0,
    "pct3ResTime" : 1.0,
    "throughput" : 3002.902902902903,
    "receivedKBytesPerSec" : 1118.2498905155155,
    "sentKBytesPerSec" : 467.24077593218215
  },
  "HTTP Request-0" : {
    "transaction" : "HTTP Request-0",
    "sampleCount" : 10000,
    "errorCount" : 0,
    "errorPct" : 0.0,
    "meanResTime" : 0.20400000000000004,
    "medianResTime" : 0.0,
    "minResTime" : 0.0,
    "maxResTime" : 3.0,
    "pct1ResTime" : 1.0,
    "pct2ResTime" : 1.0,
    "pct3ResTime" : 1.0,
    "throughput" : 1001.0010010010011,
    "receivedKBytesPerSec" : 148.58608608608608,
    "sentKBytesPerSec" : 116.32726476476476
  },
  "HTTP Request" : {
    "transaction" : "HTTP Request",
    "sampleCount" : 9999,
    "errorCount" : 0,
    "errorPct" : 0.0,
    "meanResTime" : 0.38313831383138336,
    "medianResTime" : 0.0,
    "minResTime" : 0.0,
    "maxResTime" : 6.0,
    "pct1ResTime" : 1.0,
    "pct2ResTime" : 1.0,
    "pct3ResTime" : 1.0,
    "throughput" : 1000.9009009009009,
    "receivedKBytesPerSec" : 559.0969876126126,
    "sentKBytesPerSec" : 233.6087063626126
  }
}